LCS k-mer, Position
GGGTCGTGCAGGATTCGAACCTGCGACCAAT,4485998
AACCTGCGACCAATTGATTAAAAGTCAACTG,4486015
AAAAGTCAACTGCTCTACCAACTGAGCTAAC,4486034
GGGTCGTGCAGGATTCGAACCTGCGACCAAT,4486107
AACCTGCGACCAATTGATTAAAAGTCAACTG,4486124
AAAAGTCAACTGCTCTACCAACTGAGCTAAC,4486143
GGGTCGTGCAGGATTCGAACCTGCGACCAAT,4486231
AACCTGCGACCAATTGATTAAAAGTCAACTG,4486248
AAAAGTCAACTGCTCTACCAACTGAGCTAAC,4486267
GGGTCGTGCAGGATTCGAACCTGCGACCAAT,4486437
AACCTGCGACCAATTGATTAAAAGTCAACTG,4486454
AAAAGTCAACTGCTCTACCAACTGAGCTAAC,4486473
GGGTCGTGCAGGATTCGAACCTGCGACCAAT,4486626
AACCTGCGACCAATTGATTAAAAGTCAACTG,4486643
AAAAGTCAACTGCTCTACCAACTGAGCTAAC,4486662
